id,foobar
44,foobar
id,foobar
44,foobar
id,foobar
44,foobar
id,foobar
44,foobar
id,foobar
44,foobar
id,foobar
44,foobar
id,foobar
44,foobar
id,foobar
44,foobar
id,foobar
44,foobar
id,foobar
44,foobar
id,foobar
44,foobar
id,foobar
44,foobar
id,foobar
44,foobar
id,foobar
44,foobar
id,foobar
44,foobar
id,foobar
44,foobar
id,foobar
44,foobar
id,foobar
44,foobar
id,foobar
44,foobar
id,foobar
44,foobar
id,foobar
44,foobar
id,foobar
44,foobar
id,foobar
44,foobar
id,foobar
44,foobar
id,foobar
44,foobar
id,foobar
44,foobar
id,foobar
44,foobar
id,foobar
44,foobar
id,foobar
44,foobar
id,foobar
44,foobar
id,foobar
44,foobar
id,foobar
44,foobar
id,foobar
44,foobar
id,foobar
44,foobar
id,foobar
44,foobar
id,foobar
44,foobar
id,foobar
44,foobar
id,foobar
44,foobar
id,foobar
44,foobar
id,foobar
44,foobar
id,foobar
44,foobar
id,foobar
44,foobar
id,foobar
44,foobar
id,foobar
44,foobar
id,foobar
44,foobar
id,foobar
44,foobar
id,foobar
44,foobar
id,foobar
44,foobar
id,foobar
44,foobar
id,foobar
44,foobar
